{
  "version": "7",
  "dialect": "mysql",
  "entries": [
    {
      "idx": 0,
      "version": "5",
      "when": 1763372440610,
      "tag": "0000_elite_eternals",
      "breakpoints": true
    },
    {
      "idx": 1,
      "version": "5",
      "when": 1770064513933,
      "tag": "0001_rainy_spencer_smythe",
      "breakpoints": true
    },
    {
      "idx": 2,
      "version": "5",
      "when": 1770065513461,
      "tag": "0002_green_taskmaster",
      "breakpoints": true
    },
    {
      "idx": 3,
      "version": "5",
      "when": 1770067988756,
      "tag": "0003_unusual_moondragon",
      "breakpoints": true
    }
  ]
}